,Latitude,Longitude,perc_cov,avg_depth
A1,55.23,-77.7,93.39840834628781,6.54903687247913
A2,55.23,-77.7,71.5736212855421,1.83398814013814
A3,55.23,-77.7,93.5155876409667,5.438969112160651
AM-2014-D3,61.21,25.11,89.51573741397681,3.4458802131658595
AM-2014-D4,61.21,25.11,87.26584249329929,3.00581661815884
AM-lipid-02-D4,61.21,25.11,85.73479001042091,2.72676331667791
AM-lipid-02-D5,61.21,25.11,82.80659940025329,2.3999350797889
AM-lipid-02-D6,61.21,25.11,76.487919445493,1.86680289312849
AM-lipid-02-D7,61.21,25.11,75.37991245592991,1.8010342665833998
AM-lipid-02-D8,61.21,25.11,72.3032344973132,1.6761586443145
D2,55.23,-77.7,87.38052145580309,3.46638894583187
F3,55.23,-77.69,91.57132617762409,4.75222849187245
KR3,61.22,25.22,83.2098532113047,2.61751374881326
Ki1-1-6m,67.93,20.36,95.6427710594573,7.903726971789321
Ki1-2-2m,67.93,20.36,95.33101715636259,8.79185599262669
Ki1-2-7m,67.93,20.36,92.898942986345,4.509027160993
Ki2-D2,67.92,20.37,69.11313568325211,1.50663647025242
Ki2-D3,67.92,20.37,92.75217714944701,4.119480767283711
Ki2-D4,67.92,20.37,76.41515111197259,1.9313837636356699
LinL4,59.64,16.14,65.98801370235371,1.5719832640342901
MJ-2014-D1,61.23,25.14,89.9079394777904,3.8209791770528
MJ-2014-D2,61.23,25.14,95.33406838578209,7.540382726034549
MJ-2014-D3,61.23,25.14,94.15396050448679,5.42968317105971
MJ-2014-D4,61.23,25.14,64.6292200675389,1.3178141624781599
MJ1,61.23,25.14,87.1559501719371,3.2508161219242
MJ110516A,61.23,25.14,90.73373711040149,3.82547435038178
MJ110516B,61.23,25.14,82.605147359147,2.44705302943058
MJ110629A,61.23,25.14,83.33653375400621,2.46936216328705
MJ110629B,61.23,25.14,86.8237918197029,2.9484323653980398
MJ110712A,61.23,25.14,67.576968628657,1.5100368279812801
MJ110712B,61.23,25.14,79.31334167051679,2.19048845838283
MJ110802A,61.23,25.14,63.1141852587656,1.30267307275809
MJ110830A,61.23,25.14,53.096732894393604,1.01542602023544
MJ110830B,61.23,25.14,42.9170985301469,0.720925424455965
MJ110927A,61.23,25.14,56.4575312854984,1.06885926712266
MJ110927B,61.23,25.14,77.12771882548759,2.02036990668583
MJ111018A,61.23,25.14,94.41717875252691,6.02622694065496
MJ111018B,61.23,25.14,94.73752392115989,6.68860651302609
MJ120516A,61.23,25.14,94.7076625035482,6.28323979861191
MJ120516B,61.23,25.14,95.5117327115459,7.783191352076809
MJ120531A,61.23,25.14,85.8377957599148,3.0033976389539503
MJ120531B,61.23,25.14,80.57229925246641,2.19758387458663
MJ120620A,61.23,25.14,92.8670109645647,4.236341510637311
MJ120620B,61.23,25.14,87.79677876434691,3.0910451307681
MJ120702A,61.23,25.14,87.6959394997982,2.99433890342402
MJ120716A,61.23,25.14,94.73826535133931,6.136076302566741
MJ120716B,61.23,25.14,84.9139365764156,2.78690272498371
MJ120730A,61.23,25.14,90.21255196165991,3.7011493399346804
MJ120730B,61.23,25.14,87.4133380554216,3.15264884930107
MJ120813B,61.23,25.14,75.99891714561379,1.9347474174397299
MJ120827A,61.23,25.14,89.81481100446999,3.47924996671588
MJ120827B,61.23,25.14,81.23020056986871,2.39856404007445
MJ120924A,61.23,25.14,82.53650447601959,2.47946962135361
MJ120924B,61.23,25.14,68.7679693365475,1.56719702729394
MJ130605B,61.23,25.14,88.69534022074758,3.3127295955506497
MJ130617A,61.23,25.14,86.65371430207121,3.0794515714762505
MJ130617B,61.23,25.14,88.4751011136487,3.1791665120525003
MJ130702A,61.23,25.14,84.7120557003336,2.7636919663879502
MJ130702B,61.23,25.14,81.80254996159579,2.43807032214195
MJ130729A,61.23,25.14,82.5315602859837,2.46699733946537
MJ130729B,61.23,25.14,81.92673513743159,2.41519666633679
MJ130820A,61.23,25.14,80.66498276329459,2.25855972461643
MJ130820B,61.23,25.14,95.90291912199119,9.27247088353983
MJ130916A,61.23,25.14,91.2222737764803,3.67697299690289
MJ130916B,61.23,25.14,76.042474949681,1.90257398805899
MJ2,61.23,25.14,85.3451961804662,2.97951455299851
Umea2p1,64.12,18.78,84.9460200584298,3.13984133264444
Umea2p2,64.12,18.78,87.011797065599,3.63292191156396
Umea2p3,64.12,18.78,76.92147805364341,2.07010115641219
Umea3p1,64.12,18.78,77.71488999202771,2.34660465443077
Umea3p2,64.12,18.78,90.2650125814759,3.7338811230872597
Umea3p3,64.12,18.78,92.1922105486043,4.4123502743269105
Umea3p4,64.12,18.78,86.4775002773847,3.04287026404304
VK4,61.24,25.06,84.1783386609981,2.6343912158199
YR3,61.22,25.21,73.59499580439659,1.83860263400003
SRR947737,34.261117,-83.950069,0.0,0.0
SRR12685684,46.87153,-91.10558,0.3961612696265829,0.0096702964614216
SRR12685685,46.89501,-91.09353,0.6491565999099287,0.0160495628699227
SRR12685686,46.94913,-91.10256,0.4570615799208013,0.0131739952428354
SRR12685687,46.9443,-90.99678,0.6329780392145431,0.0191291442044647
SRR12676966,49.66,-93.72,1.8001069628914934,0.0196932544048224
SRR12261223,43.099,-89.405,0.0,0.0
SRR12261225,43.099,-89.405,0.0,0.0
SRR12261226,43.099,-89.405,0.0,0.0
SRR12261227,43.099,-89.405,0.0220050506979069,0.000220050506979
SRR9302958,27.71,100.78,0.0218575781601841,0.0004371515632036
SRR9302959,24.48,102.88,0.0,0.0
SRR9302960,24.57,102.89,0.0,0.0
SRR9302961,25.9,100.15,0.0,0.0
SRR9302962,25.94,100.16,0.0437151563203682,0.0004371515632036
SRR9302963,24.36,102.79,0.0,0.0
SRR9302965,24.95,102.66,0.0218575781601841,0.0002185757816018
SRR9289418,41.6656,-87.5497,0.0,0.0
SRR9214414,48.616034,14.676594,95.2493920214772,46.80757626124034
SRR9214415,48.616034,14.676594,95.27635807900188,39.705261035591285
SRR9199084,48.616034,14.676594,61.47585578387547,1.3432630443069244
SRR9214417,48.616034,14.676594,94.4302932360976,9.019542238579671
SRR9214418,48.616034,14.676594,65.71444512893461,1.7136853458374084
SRR8894378,24.541,102.895,0.0,0.0
SRR8894379,24.541,102.895,0.0,0.0
SRR8894380,24.541,102.895,0.0,0.0
SRR8894381,24.541,102.895,0.0,0.0
SRR8894382,24.541,102.895,0.0,0.0
SRR8561390,51.7874,104.9391,0.0,0.0
SRR8561391,51.7874,104.9391,0.0440111109815586,0.0006557071530906
SRR8517158,49.77,-93.82,3.326218263926438,0.042762030958006
SRR8517159,49.77,-93.82,5.432570803048433,0.0652973533608405
SRR8517160,49.69,-93.69,68.40245484774596,1.5727972483971533
SRR8517161,49.69,-93.69,87.7661851361345,3.4754037170215835
SRR8517163,49.69,-93.69,81.17378501566046,2.5327105138641324
SRR8209852,22.5121,88.3637,0.0,0.0
SRR8126712,38.91,-76.96,0.1868531069502115,0.0028071660547744
SRR8126725,38.91,-76.96,0.2960126703229596,0.0054249632514869
SRR8126731,38.91,-76.96,0.2636507853548125,0.0049465432130973
SRR8075935,34.261117,-83.950069,0.0,0.0
SRR8075938,34.261117,-83.950069,0.0,0.0
SRR8075941,31.662940000000006,-85.062168,0.0,0.0
SRR8075947,29.719072,-84.981177,0.0655707153090626,0.0006557071530906
SRR8075949,31.662940000000006,-85.062168,0.0,0.0
SRR8075950,34.261117,-83.950069,0.0,0.0
SRR8075952,32.933463,-85.19634,0.0,0.0
SRR8075953,32.933463,-85.19634,0.0,0.0
SRR8075954,34.261117,-83.950069,0.0,0.0
SRR8075955,29.719072,-84.981177,0.0,0.0
SRR8075960,32.664624,-85.087393,0.0,0.0
SRR8075961,34.261117,-83.950069,0.0,0.0
SRR8075962,32.664624,-85.087393,0.0,0.0
SRR8075963,32.664624,-85.087393,0.0218575781601841,0.0002185757816018
SRR8075964,31.662940000000006,-85.062168,0.0121001145567194,0.0002420022911343
SRR8075965,32.664624,-85.087393,0.0,0.0
SRR8075975,34.261117,-83.950069,0.0,0.0
SRR8075976,34.261117,-83.950069,0.0,0.0
SRR8075977,31.662940000000006,-85.062168,0.0903653037429149,0.0010989271296837
SRR8075978,32.933463,-85.19634,0.0,0.0
SRR8075980,31.662940000000006,-85.062168,0.0220071663535546,0.0002200716635355
SRR8075982,34.261117,-83.950069,0.0,0.0
SRR8075983,34.261117,-83.950069,0.0,0.0
SRR8075984,34.261117,-83.950069,0.0,0.0
SRR8075985,30.743083,-84.858652,0.0,0.0
SRR8075986,30.743083,-84.858652,0.0,0.0
SRR8075987,30.743083,-84.858652,0.0,0.0
SRR8075988,30.743083,-84.858652,0.0,0.0
SRR8075990,32.933463,-85.19634,0.0,0.0
SRR8075991,30.743083,-84.858652,0.0,0.0
SRR8075992,32.664624,-85.087393,0.0220071663535546,0.0002200716635355
SRR8075993,31.662940000000006,-85.062168,0.0,0.0
SRR7514478,58.77805600000001,-111.338851,0.0,0.0
SRR7514483,58.77805600000001,-111.338851,0.0,0.0
SRR7514484,58.77805600000001,-111.338851,0.0,0.0
SRR7514496,58.77805600000001,-111.338851,0.0182336047618284,0.0001820390833713
SRR7514499,58.77805600000001,-111.338851,0.0182336047618284,0.0001820390833713
SRR7514504,58.77805600000001,-111.338851,0.0,0.0
SRR7514506,58.77805600000001,-111.338851,0.0,0.0
SRR7514508,58.77805600000001,-111.338851,0.0182253945721102,0.0001822539457211
SRR7514513,58.77805600000001,-111.338851,0.0631049024737547,0.0009107893453506
SRR7468254,58.77805600000001,-111.338851,0.0,0.0
SRR7468263,58.77805600000001,-111.338851,0.0,0.0
SRR7468265,58.77805600000001,-111.338851,0.1275276138534927,0.0012752761385349
SRR7468279,58.77805600000001,-111.338851,0.0546546915057504,0.0005465469150575
SRR7468281,58.77805600000001,-111.338851,0.0,0.0
SRR7468302,58.77805600000001,-111.338851,0.3032809146464992,0.0049158772362972
SRR7468306,58.77805600000001,-111.338851,0.1556550735072283,0.0018217646136334
SRR7369908,33.11,120.26,0.3934984470714434,0.0063354032892061
SRR7369909,33.11,120.26,0.306231398743374,0.004799499330295
SRR7369910,33.11,120.26,0.2621924156455912,0.0039292953260566
SRR7369911,33.11,120.26,0.0437151563203682,0.0004371515632036
SRR7369915,33.11,120.26,0.3642088568667717,0.005902886103511999
SRR7369916,33.11,120.26,0.323539578326335,0.0059027326062528
SRR7369917,33.11,120.26,0.3843315871935499,0.006766945594303
SRR7369918,33.11,120.26,0.3465951106434269,0.0043651842701673
SRR7369919,33.11,120.26,0.2699060604293982,0.0037150449001126
SRR7369920,33.11,120.26,0.26932376104576,0.0041520982083387
SRR7369921,33.11,120.26,0.2764995767522732,0.0032735937273637
SRR7369922,33.11,120.26,0.2451523959989681,0.0041493984999774
SRR7369924,33.11,120.26,0.1093160147670315,0.0015304112586227
SRR7054680,47.3,8.57,0.1312970948357656,0.0015302571973246
SRR7054681,47.3,8.57,0.0218575781601841,0.0002185757816018
SRR6986809,31.09,121.21,0.0655734019993499,0.0008743164767833
SRR6986813,22.47,108.21,0.038041212727164,0.0008745180485131
SRR6986815,29.21,111.49,0.0218607777322724,0.0002186077773227
SRR6986817,37.45,112.39,0.0,0.0
SRR6986818,29.17,111.53,0.0,0.0
SRR6986819,38.28,106.13,0.014580944524523997,0.0001458094452452
SRR6986822,34.52,118.43,0.029161889049047995,0.0002916188904904
SRR6986824,34.55,118.41,0.0549555824538748,0.001093093830115
SRR6986825,31.1,121.27,0.0,0.0
SRR6986826,36.04,120.19,0.0,0.0
SRR6787039,48.846361,14.487639,13.714307622248487,0.2244554120485685
SRR6754086,48.846361,14.487639,4.4545757636750265,0.0682062729146231
SRR6754087,48.846361,14.487639,0.0218575781601841,0.0002185757816018
SRR6754088,48.846361,14.487639,1.7165792117448329,0.032341290223473
SRR6754089,48.846361,14.487639,0.5286070532542999,0.0072128426943857
SRR6791932,48.846361,14.487639,0.0,0.0
SRR6754092,48.846361,14.487639,4.400394475334597,0.0747359260249255
SRR6754093,48.846361,14.487639,0.021859034458836,0.0002185903445883
SRR6754094,48.846361,14.487639,11.125830523681614,0.1617610413147496
SRR6754095,48.846361,14.487639,5.1903535685292574,0.0767108330372251
SRR6754096,48.846361,14.487639,10.09820970146752,0.1088610354455396
SRR6754097,48.846361,14.487639,50.07208015180952,0.7378129345554659
SRR6754098,48.846361,14.487639,2.9179987050426823,0.0310381185953538
SRR6754099,48.846361,14.487639,0.3443933730541025,0.0034963869014739
SRR6754100,48.846361,14.487639,19.30295275293205,0.2354285602887529
SRR6754101,48.846361,14.487639,2.65796033495452,0.0437022709995146
SRR6754102,48.846361,14.487639,0.7730569607781695,0.0083046014971076
SRR6754103,48.846361,14.487639,0.2858195750616143,0.0030607278680353
SRR6475631,47.3,8.57,0.0,0.0
SRR6475632,47.3,8.57,0.0,0.0
SRR6475633,47.3,8.57,0.0365797424077024,0.000365797424077
SRR6423777,1.4,103.81,0.0,0.0
SRR6423789,1.4,103.801,0.0,0.0
SRR6423791,1.41,103.731,0.0363003436701582,0.0003630034367015
SRR6423795,1.39,103.921,0.0,0.0
SRR6423802,1.42,103.72,0.0,0.0
SRR6423803,1.31,103.72,0.0,0.0
SRR6423804,1.38,103.92,0.0,0.0
SRR6423806,1.38,103.91,0.0,0.0
SRR6423807,1.39,103.92,0.0,0.0
SRR6423811,1.29,103.86,0.0,0.0
SRR6262235,24.82,118.16,0.0,0.0
SRR6262236,24.82,118.16,0.0,0.0
SRR6262237,24.82,118.16,0.0,0.0
SRR6262238,24.82,118.16,0.0,0.0
SRR6262239,24.82,118.16,0.0,0.0
SRR6262240,24.82,118.16,0.0,0.0
SRR6262241,24.82,118.16,0.0,0.0
SRR6262242,24.82,118.16,0.0,0.0
SRR6262243,24.82,118.16,0.0,0.0
SRR6262244,24.82,118.16,0.0,0.0
SRR6262245,24.82,118.16,0.0,0.0
SRR6262246,24.82,118.16,0.0,0.0
SRR6237650,42.43592,-71.14935,0.0255112539588382,0.0004371515632036
SRR6201526,41.77,-81.73,0.0,0.0
SRR6201524,41.77,-81.73,0.0,0.0
SRR6201002,43.099444,-89.404444,0.0,0.0
SRR6197918,43.099444,-89.404444,0.0,0.0
SRR5997543,1.29,103.86,0.0,0.0
SRR5997547,1.39,103.92,0.0,0.0
SRR5896114,51.7874,104.9391,0.0220050506979069,0.000220050506979
SRR5896115,51.7874,104.9391,0.0220066004200413,0.0002200660042004
SRR5432762,46.238518,6.293545,0.3677042247527047,0.0045969066377311
SRR5338504,39.14,-0.65,0.0,0.0
SRR5260500,43.1998,-86.5698,0.0,0.0
SRR5260499,43.1998,-86.5698,0.0218575781601841,0.0002185757816018
SRR5260498,43.1998,-86.5698,0.0,0.0
SRR5260496,43.1998,-86.5698,0.0,0.0
SRR5260495,43.1998,-86.5698,0.0437131371488785,0.0004371313714887
SRR5260494,43.1998,-86.5698,0.044597290719010994,0.0006542324277133
SRR5260448,43.1998,-86.5698,0.0870014323962321,0.0008729927374537
SRR5260447,43.1998,-86.5698,0.0440111109815586,0.0006557071530906
SRR5260446,43.1998,-86.5698,0.0218575781601841,0.0002185757816018
SRR5211163,45.4091,-72.0994,0.2348077029920291,0.0028594050425361
SRR5211153,46.8319,-72.5,1.230980642537854,0.0162785783686015
SRR2179956,44.99,-73.11,0.1029010378605585,0.0010290103786055
SRR2179955,44.99,-73.11,0.088317813861363,0.0008831781386136
SRR2179954,44.99,-73.11,1.409959037519512,0.0339866571576816
SRR4754863,47.070833,8.316333,1.2821289748339584,0.060758970890059015
SRR4754862,47.070833,8.316333,0.8702658425675863,0.06622264941708701
SRR4754860,47.070833,8.316333,1.1734097141474629,0.0352471979426429
SRR4754859,47.0925,8.4891,0.0,0.0
SRR4754858,47.0925,8.4891,0.014571718773456,0.0001457171877345
SRR4198832,39.14,-0.6499,0.0151520084591246,0.0004371515632036
SRR4198666,39.14,-0.6499,0.0,0.0
SRR4029424,46.041,-89.686,96.01747778675251,16.096906750694846
SRR4029423,46.041,-89.686,95.83325381968977,12.303341596019955
SRR4029421,46.041,-89.686,95.22301312505337,7.975908114174862
SRR4029420,46.041,-89.686,91.00977423161736,4.3449268429654735
SRR4029415,46.041,-89.686,96.27719767968134,13.3313496262536
SRR4029414,46.041,-89.686,96.14966990235573,14.768259007997107
SRR4029412,46.041,-89.686,95.75352977001064,10.214639082285537
SRR4029405,46.041,-89.686,89.37143844613867,3.584843946035915
SRR4029403,46.041,-89.686,95.44659511698778,8.636331606028365
SRR4029402,46.041,-89.686,95.49862857463602,9.442821817273286
SRR4029401,46.041,-89.686,95.77190445314324,12.642436998841314
SRR4029400,46.041,-89.686,95.95321439182621,17.503565636893093
SRR4029398,46.041,-89.686,95.6286185555316,14.136723814485158
SRR4029396,46.041,-89.686,96.26932826559522,40.98768019726201
SRR4029395,46.041,-89.686,96.2909000451202,21.572619402886943
SRR4029392,46.041,-89.686,93.95719768405372,5.8842923373141565
SRR4029386,46.041,-89.686,94.71756706627528,6.424020991871719
SRR4029380,46.041,-89.686,93.354260471038,5.352177979939457
SRR4029377,46.041,-89.686,64.73388533688565,1.4434127397842658
SRR4029376,46.041,-89.686,90.61932384674469,4.211582021085142
SRR4029370,46.041,-89.686,95.65865173514223,9.7422403255495
SRR4029369,46.041,-89.686,79.12196775228348,2.328934557971384
SRR4029365,46.041,-89.686,95.14619883575104,7.590175263850651
SRR4029359,46.041,-89.686,71.61996575468247,1.699220222225461
SRR4029124,46.041,-89.686,95.76533782849138,10.978924201541123
SRR4029121,46.041,-89.686,82.78137389097874,2.7056393331414337
SRR4029118,46.041,-89.686,71.4234826016618,1.6676751716106295
SRR4029116,46.041,-89.686,96.07198835433736,27.71917260650933
SRR4029115,46.041,-89.686,91.202892081653,4.382475226612431
SRR4029110,46.041,-89.686,94.77964680570831,6.928731326492481
SRR4029086,46.041,-89.686,69.97448489206747,1.7509290043315848
SRR4029085,46.041,-89.686,72.75210897433841,1.7395912185278737
SRR4029083,46.041,-89.686,93.64384700403572,5.328460400827549
SRR4029080,46.041,-89.686,79.350370861347,2.2528822807776447
SRR4029074,46.041,-89.686,73.35739250425944,1.9433274715087527
SRR4029064,46.041,-89.686,71.45628595980605,1.8508565399396315
SRR4029063,46.041,-89.686,57.16031064459288,1.2070824709024477
SRR4018504,43.2052,-79.2648,0.0,0.0
SRR4018501,43.2047,-79.266,0.0,0.0
SRR4018498,42.8722,-79.4272,0.0,0.0
SRR4018493,42.8698,-79.3981,0.0,0.0
SRR4018491,42.8638,-79.3862,0.0,0.0
SRR1173821,38.5355,-0.2663,0.0441715988241175,0.0004417159882411
SRR3657441,61.208142,25.113609,92.19177095306529,3.7346753701756095
SRR3657440,61.208142,25.113609,96.0916628739847,7.724107354159533
SRR3657439,61.208142,25.113609,96.41332426489565,13.072537631950832
SRR3657438,61.208142,25.113609,95.74318214165537,6.95227280384858
SRR3657437,61.208142,25.113609,94.63741454085493,5.3898193489024555
SRR3657436,61.208142,25.113609,69.0991131281126,2.0700090289088107
SRR3657435,61.208142,25.113609,67.48426601892079,2.017259820127004
SRR3657434,61.208142,25.113609,71.32567581308308,2.3153330707788538
SRR3657433,61.208142,25.113609,78.9441606949483,1.9296402622037157
SRR3657431,61.208142,25.113609,93.95428754102396,4.5746821378134825
SRR3657430,61.208142,25.113609,73.91371647663756,2.548055320795251
SRR3657429,61.208142,25.113609,59.5334985922349,1.3623289460665216
SRR3571355,34.15,-83.57,0.0,0.0
SRR3571354,34.15,-83.57,0.0,0.0
SRR3571025,34.15,-83.57,0.0,0.0
SRR3569810,34.15,-83.57,0.0061252800153908,0.0001225056003078
SRR3569624,34.15,-83.57,0.093280452484467,0.0009880398747746
SRR3569349,34.15,-83.57,0.0,0.0
SRR3569300,34.15,-83.57,0.0,0.0
SRR3568955,34.15,-83.57,0.0148589739740542,0.0002973449468972
SRR3568916,34.15,-83.57,0.0,0.0
SRR3184724,43.92,-122.81,0.0294515908955099,0.000294515908955
SRR3184721,43.92,-122.81,0.0883209976928335,0.0008832099769283
SRR3184722,43.92,-122.81,0.0294515908955099,0.000294515908955
SRR3184720,43.92,-122.81,0.4204707636968882,0.0045604399429839
SRR3184719,43.92,-122.81,0.4591089393592694,0.0054420845489802
SRR3184718,43.92,-122.81,0.7549754949185495,0.0108858049329347
SRR3184714,43.92,-122.81,0.0293031087720423,0.0002930310877204
SRR3184713,43.92,-122.81,0.0294515908955099,0.000294515908955
SRR3184712,43.92,-122.81,0.0,0.0
SRR3184711,43.92,-122.81,0.0294515908955099,0.000294515908955
SRR3184710,43.92,-122.81,0.0441664927425549,0.0004416649274255
SRR3184709,43.92,-122.81,0.0392180302948596,0.0004414763679398
SRR3184708,43.92,-122.81,0.0441643364236441,0.0004416433642364
SRR3184707,43.92,-122.81,0.1084208825531282,0.001176052279256
SRR3184744,41.93,-122.44,0.1176216741021653,0.0011762167410216
SRR3184743,41.93,-122.44,0.0,0.0
SRR3184741,41.93,-122.44,0.0,0.0
SRR3184740,41.93,-122.44,0.0,0.0
SRR3184739,41.93,-122.44,0.0147221642475183,0.0001472216424751
SRR3184738,41.93,-122.44,0.0294560266890921,0.0002945602668909
SRR3184736,41.97,-122.3,0.0440130743321532,0.0004401307433215
SRR3184732,29.96,-95.15,0.0441513211188081,0.0004415132111880001
SRR3184706,29.96,-95.15,0.0,0.0
SRR3184705,29.96,-95.15,0.0147294266479916,0.0001472942664799
SRR3184704,29.96,-95.15,0.0,0.0
SRR2939624,48.0177052,-122.8023445,0.0,0.0
ERR2163668,59.91149100000001,10.757933,4.500937866534135,0.0642260226096487
ERR2105755,59.91149100000001,10.757933,4.953187765458963,0.0715032677756029
ERR2105754,59.91149100000001,10.757933,4.487524638876703,0.063800668614811
ERR2105753,59.91149100000001,10.757933,4.711270204759206,0.06337622741403501
ERR2105748,59.91149100000001,10.757933,5.492174148804223,0.0743788933718881
ERR4011038,59.8376,18.6203,0.0183668831973275,0.0001836688319732
ERR4011037,59.8376,18.6203,0.0,0.0
ERR4011035,59.8376,18.6203,0.0,0.0
ERR4011034,59.8376,18.6203,0.0183608609535025,0.000183608609535
ERR4011033,59.8376,18.6203,0.2623332637151064,0.0040297019513993
ERR4011032,59.8376,18.6203,0.0,0.0
ERR4011031,59.8376,18.6203,0.0,0.0
ERR3761241,48.616034,14.676594,65.75441381384971,1.7226384253523055
ERR3761240,48.616034,14.676594,65.5999067922224,1.6343307613532851
ERR3761238,48.616034,14.676594,94.49909683529192,8.84542692105643
ERR3761237,48.616034,14.676594,37.94583250218985,0.649918246906167
ERR3761235,48.616034,14.676594,95.26601447648451,40.224557212499796
ERR3761234,48.616034,14.676594,95.35972840841805,40.51106395349522
ERR3761233,48.616034,14.676594,95.24633640940763,47.333381645320145
ERR3761232,48.616034,14.676594,95.16121034239487,47.30498585046414
ERR3761231,48.846361,14.487639,1.02778964383937,0.0166076796711376
ERR3761230,48.846361,14.487639,0.9319206818602496,0.0142015327382991
ERR3761229,48.846361,14.487639,0.2371364736351937,0.0032779708507075
ERR3761228,48.846361,14.487639,0.3862220791315843,0.0041535848674363
ERR3761225,48.846361,14.487639,0.0,0.0
ERR3761224,48.846361,14.487639,0.0218575781601841,0.0002185757816018
ERR3761222,48.846361,14.487639,2.2528157745768613,0.0329941756478065
ERR3761221,48.846361,14.487639,0.0,0.0
ERR3761220,48.846361,14.487639,0.0,0.0
ERR3761219,48.846361,14.487639,6.544742108047682,0.1022935449183309
ERR3761218,48.846361,14.487639,5.709771919029095,0.0867615666986823
ERR3761217,48.846361,14.487639,3.5551908306528133,0.0461212112478374
ERR3761216,48.846361,14.487639,4.354045931414628,0.0600900129656052
ERR3761215,48.846361,14.487639,7.251760669588398,0.1055730535647398
ERR3761214,48.846361,14.487639,7.999578596549016,0.1224021865583867
ERR3761213,48.846361,14.487639,3.589011611037672,0.0825682711554633
ERR3761212,48.846361,14.487639,3.2022018346564685,0.0771350164212539
ERR3761211,48.846361,14.487639,2.9115669653983325,0.0744837164167357
ERR3761210,48.846361,14.487639,3.2030556222426587,0.0797363670770401
ERR3761209,48.846361,14.487639,0.2594258042654159,0.0034977543938914
ERR3761206,48.846361,14.487639,0.6576061384037556,0.0111420921904673
ERR3761205,48.846361,14.487639,5.907966943536363,0.0806619995467285
ERR3761204,48.846361,14.487639,4.89505070140485,0.0638283729171008
ERR3761203,48.846361,14.487639,2.546938986304205,0.038686899246928
ERR3761202,48.846361,14.487639,2.836834561441608,0.0397813906048915
ERR3761201,48.846361,14.487639,10.09820970146752,0.1088610354455396
ERR3761200,48.846361,14.487639,50.07208015180952,0.7378129345554659
ERR3761199,48.846361,14.487639,2.9179987050426823,0.0310381185953538
ERR3761198,48.846361,14.487639,0.3443933730541025,0.0034963869014739
ERR3761197,48.846361,14.487639,19.30295275293205,0.2354285602887529
ERR3761196,48.846361,14.487639,2.65796033495452,0.0437022709995146
ERR3761195,48.846361,14.487639,0.7730569607781695,0.0083046014971076
ERR3761194,48.846361,14.487639,0.2858195750616143,0.0030607278680353
DRR125127,35.2193,135.9957,0.0,0.0
DRR125126,35.2193,135.9957,0.0,0.0
DRR125125,35.2193,135.9957,0.0,0.0
DRR125124,35.2193,135.9957,0.0,0.0
DRR125123,35.2193,135.9957,0.0,0.0
DRR125122,35.2193,135.9957,0.0,0.0
DRR125121,35.2193,135.9957,0.0,0.0
SRR7646213,-27.263585,152.936751,0.0,0.0
SRR7646214,-27.263585,152.936751,0.0,0.0
SRR7646215,-27.263585,152.936751,0.0,0.0
SRR7646219,-27.263585,152.936751,0.0116706949045579,0.0001167069490455
ERR472739,42.6411,0.7784,0.0,0.0
ERR472738,42.6411,0.7784,0.0364292969336401,0.0003642929693364
SRR4029418,46.041,-89.686,94.78198449523629,7.289384975246421
SRR4029413,46.041,-89.686,92.06206050778069,4.513888118069209
SRR4029409,46.041,-89.686,95.84272693827928,13.48654006066988
SRR4029397,46.041,-89.686,96.10725998827759,19.167379705344374
SRR4029394,46.041,-89.686,96.12314540074742,17.50892881339789
SRR4029388,46.041,-89.686,95.58096854251644,11.476714426193258
SRR4029381,46.041,-89.686,92.70800480441557,4.829379572589754
SRR4029378,46.041,-89.686,61.50689320253075,1.3616418930177243
SRR4029371,46.041,-89.686,87.3535900558646,3.0913058393393014
SRR4029368,46.041,-89.686,95.1097585796264,8.44415776284427
SRR4029367,46.041,-89.686,94.7124605509158,7.480955104645959
SRR4029366,46.041,-89.686,86.16006793401476,3.0715086249156496
SRR4029362,46.041,-89.686,95.7783037200356,12.868689443193135
SRR4029117,46.041,-89.686,94.6697650825493,6.749581686570775
SRR4029111,46.041,-89.686,83.1438327410683,2.7478893136857385
SRR2089224,49.0,-123.0,0.0590176102535551,0.000731594848154
SRR2089216,49.0,-123.0,0.1097556866625954,0.0010975568666259
SRR2089207,49.0,-123.0,0.1682005494641631,0.0018263301186521
SRR2089183,49.0,-123.0,0.0574171934186727,0.0007316969144016
SRR2089172,49.0,-123.0,0.1033373051187615,0.0010975173285256
SRR2089164,49.0,-123.0,0.1933940555847858,0.002194972128904
SRR2089143,49.0,-123.0,0.0,0.0
SRR2089135,49.0,-123.0,0.0,0.0
